天使成长营AC加速器,3
报喜鸟,4
紫辉创投,33
北京新餐媒科技有限公司,1
小马蜂创投,11
动域资本,14
玖创资本,5
贵格天使,4
KPCB凯鹏华盈中国,30
金沙江创投,56
云九,77
猪八戒网,4
泓域资本,1
APUS,4
辰海资本,4
比克电池,1
道生投资,4
盐光加速器,4
Crystal,23
远致富海,3
易孚泽投资-林广茂,1
国轩集团,1
大道至简资本,4
济峰资本,1
华瓯创投,2
积木盒子,2
臣易资本,1
创业工场VenturesLab,20
Samsung,1
洪泰基金,55
通鼎互联,6
建投华科,1
复励投资,4
智基创投IDT,6
兴业资管-兴业证券,1
前海人寿保险,1
浙富控股,1
九合创投,78
今日投资何伯权,3
粤商创投,2
上海雍贤投资管理中心,1
银河资本,1
杭州言和投资,1
北龙中网,1
Atlas,1
昆吾九鼎投资,14
中邮资本,1
华登国际投资,5
高和翰同,1
蓝驰创投,44
华谊嘉信,2
Matrix,1
安赐资本,2
新秀集团(开创资本),1
三坤宝蚨;三体水滴,1
招商局,7
陕西易久贸易有限公司,1
天堂硅谷,12
Roobo,1
LinkedIn,1
光速安振,43
北京厚持投资,10
联梦空间,1
永裕恒丰金融,1
Apple苹果,1
好未来(学而思),22
乐清丰裕教育产业基金,1
美拓资本,1
顺禧基金,1
天鹰资本,9
创吧投资,2
昆仑万维,13
德晖资本,2
乐奕创投,8
世纪金源,1
世铭投资,1
上海浦软创投,3
中美创投,7
InnoSpace创智空间,19
东方财富网,1
艾云创投,5
鑫旺环球投资有限公司,1
华镇基金,1
汇财私人资本,8
易津投资,1
中粮我买网,1
澳洲电讯Telstra,1
天天投,18
菜鸟网络(阿里巴巴),1
K,1
礼来亚洲基金,4
盛景网联(盛景嘉成),19
墨麟集团,1
山蓝资本,1
盈信资本,6
众善创投,1
招行国际,1
华兴金汇资本,1
晨晖资本,2
银河投资,1
零一创投,13
易车网,13
分享投资,28
搜房网,3
阿里健康(阿里巴巴),1
杭州集素资本,1
上海万都电力,1
辉煌科技,1
荣正投资,1
观澜湖集团,1
华夏钰生,1
华软投资,7
瀚霖资本,1
凤凰传媒,1
微众享股权投资基金,1
聚秀资本,21
游久游戏(爱使股份),1
个人天使,1
捷成世纪,2
天泽投资,1
领沨资本,1
TA,2
立元创投,3
银瑞达Investor,1
深圳海萨尔投资,1
君创资本,1
清源德丰(清源创投),1
华人文化产业基金,29
华联股份,1
钟鼎创投,15
连力创投,1
中鼎创富,1
尚珹资本,1
涌金集团,3
中国风险投资,3
领医创造,10
华泽资本,9
克雷投资,1
新进创投,31
基因资本,6
掌趣科技,9
中国瀛晟娱乐,1
千行集团、容联云通讯领投,1
青松基金,48
观释资本,1
华耀资本,1
润和软件,2
光大集团,4
TalkingData腾云天下,1
阅文集团,2
中泽嘉盟,4
莉莉丝,3
鼎典资本,1
TCL创投,5
A8音乐,5
丰元创投Amino,1
联想集团,5
鸵鸟电台,2
正德恒生,1
珑庭投资,1
凯欣亚洲投资Crescent,3
空中网,2
KKR,1
方广资本,6
达晨创投,49
九毛九餐饮,1
集素资本,8
铂涛集团,1
金浦移动互联基金,1
诺信资本,1
广东天使会,4
真实资本,4
熊猫资本,10
燧石资本,2
Tenaya,1
吴鸣霄,1
Sequoia,1
南极圈,4
北京众海投资,15
二三四五投资基金,3
JPMorgan摩根大通,1
飞腾创投,2
NextBig三万弘合投资,11
跨星创投,5
搜狐/畅游,4
探针创投,12
云毅投资,1
聚腾时尚产业基金,1
中金前海基金,2
重庆高新技术开发区创新服务中心,1
珠江钢琴,1
大众交通集团,1
Cybernaut赛伯乐投资,7
威创股份,2
新沃资本,1
卓翼科技,1
源创投资,1
北京兼程信息技术有限公司,1
伯乐纵横投资,1
华数传媒,3
国金投资,8
丛蓉投资,1
弘俊财富,2
华夏双大,1
德沃基金,15
AGEDIG,1
孚惠资本(华谊兄弟),3
筱光资本,2
慧聪网,6
MFund魔量基金,5
心怡物流,1
全明星投资All-Stars,1
Infinity,18
美盛创投,1
赤子城SOLO,3
华创资本,59
逐鹿资本,7
玖富,1
IFC国际金融公司,1
尚势资本(尚势投资),5
阳光创投,6
华兴资本,2
华控基金,1
微软Microsoft,1
一线资本,1
携程,16
优势资本董事长吴克忠,1
复星集团,7
怡和创投,2
长石资本,12
翰潭投资,3
九阳股份,1
投资方（以空格分割),1
盛世景,1
润海投资,1
昆药集团,1
上海丰豪,1
Kima,1
春华资本Primavera,2
美的集团,2
春晓资本,17
启创资本,3
浙江金控资本,1
三六五网络,1
泰山天使,5
中国人寿,2
丰实资本-,10
北陆药业,2
深圳前海投资,1
广东产业基金,1
纳川股份,1
美蓝投资,1
上海观臻股权投资基金,1
拉夏贝尔,2
诺辉投资,1
润土投资,1
协立投资,8
国采科技股份有限公司,1
seedvc,4
盈科资本,1
爱施德,2
日本乐天Rakuten,1
中原科创风投基金,5
亚信联创,4
口袋购物,3
新鼎明影视投资,1
神州租车,1
中国光华科技基金会,1
香港中国汽车移动互联网有限公司,1
崭越资本,1
人人公司,21
箭征投资,1
丹华资本Danhua,1
银湖投资SilverLake,1
凯撒旅游,1
Testin云测,1
紫牛基金,5
酷6网,1
赛马资本,11
新湖中宝,1
嘉道谷投资(龚虹嘉),7
信达资产,1
华西股份(华西村),2
顺网科技,2
南京未来网络,1
慧鑫泉投资,3
丰祥集团,4
游侠汇,10
21世纪天使创投,2
微地带,1
盛山资本,1
鼎峰资本,1
中投中财基金,2
亿利资源集团,1
湖杉资本,5
基打新基金,1
陕西华通创投,2
高捷资本,8
机构名称,1
潮星集团,1
创梦创投,1
AA投资,6
LB投资(LB,2
锦普投资,1
清科华盖,1
鼎泰新材,1
东方汇富,2
起点创业营,12
启明星辰,2
迅雷,5
厚朴基金,2
凤博投资,1
博观资本,1
时代地产,1
光芒创投,1
蘑菇街,2
天使投资人邵根伙,1
松禾远望资本,2
永炜集团,1
新鸿基,1
三胞集团,2
上海鸿立,1
Binggo天使,1
互动娱乐,29
顶尖学院孵化器,1
虎童基金,4
引力创投,2
挚信资本,61
比科斯集团,1
六町资本,1
Sky,1
艾想投资,5
浙江永强,1
JOY,3
尚心资本Shining,1
汉理资本,5
酉金资本,1
东沃投资,1
联通,2
题梦资本,2
星芒基金,1
天奇阿米巴基金,17
康恩贝,2
集结号资本,23
华澍资本,5
同程旅游,1
磐谷创投,8
翰宇药业,1
高桐资本,1
高樟资本,8
上海德智和投资,1
前海梦创,1
天使汇,12
恒生电子,1
清控创投,2
龙翌资本,6
快快金融,1
1号生活,1
百合网,2
全通教育,5
博派资本,15
东方网力,1
Horizons,1
恒泰艾普,1
中广文影,2
联基金,2
星美国际,1
全美在线,1
浙商创投,19
东华软件,1
弘毅投资,3
老鹰基金EaglesFund,15
上海国际创投SIGVC,2
河南旺田集团,1
富海盛基,1
源码资本,40
台湾联合报集团,1
天津津报金控,1
吉成创投,3
杉杉创投,1
中南成长,26
中传集团,1
旷智投资,1
瑞银华信,1
鼎丰昌和投资,1
商投集团时空五星基金,2
找钢网,1
远景信息,1
昊君资本,1
金浦集团,2
京北投资-京北天使,12
兰德创投,1
北软天使基金,15
Chinaccelerator中国加速,13
晨兴资本,76
牛投股权,1
莱茵体育,3
新东方,12
网易,17
边锋游戏,2
重庆曲速资,2
万融资本,1
华图教育,1
墨池山创投,5
海航资本,9
雷曼凯兴体育文化产业投资基金,1
星空创联,1
AngelVest天使谷,9
盈动投资(盈开投资),36
一加投资,1
深圳市中汇影视,1
世纪佳缘,1
翌银基金,1
程铂瀚创投,1
商融资本,1
志成资本,16
联创策源,67
天业股份,1
稳国基金,7
广州全社通传媒广告,1
江苏高科技投资,4
唐人影视,1
弘励创投,1
北信源,2
仕优集资本,1
如川基金,1
和玉基金,11
欧擎欣锦(欧擎集团),2
众米资本,1
祖禾资本,2
广东融邦惠众,1
Maverick,1
汇智明资产管理,1
ClearVue锴明投资,5
天津安正路投资,2
广州科技风投,1
鸿沛资本,1
恩惟资本,1
早鸟基金,10
秉鸿资本,8
贝恩资本BainCapital,2
诺普信,2
克拉天使,1
升达林业,1
上海羽时资本,1
荣焘投资,1
太平洋网络,1
联新资本,1
龙渊网络,1
清华经管加速器,1
麒麟游戏,6
信成投资,1
上海丽人丽妆化妆品有限公司,1
祥峰投资Vertex,27
绿网天下,1
上海塔人网络,1
深圳高特佳,1
承阳资本,1
南京紫金科创,3
杭州欧丰科技有限公司,1
茶马古道资本,1
沃尔核材,1
贵阳朗玛信息,2
汉能投资,18
思科瑞新资本(思科资本),1
鸾大资本,1
杭州独角兽投资,1
国科嘉和,7
德盛实业,1
黑洞投资,3
Tiger老虎基金(中国),16
Kingsland,1
水木清华校友基金,7
VANGOO盘古创富,7
名信中国成长基金,2
中科创星,2
凯盈资本,4
安大略省教师退休基金Ontario,2
鑫游资本,4
国灏创投,3
骅威科技,2
Mr.I互联网创新基地,3
环球易购,2
博叡创投,2
飞马基金-飞马旅,11
中城投资,1
乐体创投,1
人民网,1
太平洋保险,3
金山软件,5
姚明,1
博汇源创投,2
红岭创投王忠平,2
合一资本,6
和君资本,11
日照义聚投资,1
蓝色光标,20
北京中海投资,2
恒泰华盛,1
立思辰,1
鼎鑫资本,2
深圳恒裕,1
Freebit,1
和通国际,3
大洋电机,1
广东宜利复医道合双赢投资基金,1
新天域资本,7
漫步者Edifier,1
欧比特,1
825新媒体产业基金,13
上海南翔创投,1
Greycroft,1
汇丰银行HSBC,1
十方创投,3
湖南电广传媒,2
WPP集团,1
贝塔斯曼亚洲投资基金,34
数元创投-宇海数园,1
信中利资本,25
厚德创新谷,1
筋斗云投资,1
远东宏信远翼投资,1
英飞尼迪Infinity,7
源渡创投,7
成都市技术移动集团,1
易真资本,1
正源资本/正源策略,1
大湖股份,1
东方融润,1
雷曼光电,1
南山资本,3
聚心资本,2
恺英网络,2
北纬通信,1
福瑞投资,2
亚夏汽车,1
北京泰腾博越资本,1
颐成投资,1
冠英资本,4
龙腾资本,5
红塔创投,1
易宝支付,3
稼沃资本,3
沃富金信,3
九盈投资,4
Forgame,4
道明光学,1
北京华山投资,1
天图资本,27
合力投资,36
K2基金,9
前海互兴资产管理,3
天玖创投(天玖元润基金),1
源政投资杨向阳,1
毅达资本,10
真顺基金,11
银江股份(银江资本),2
舟山鼎泽投资,1
月阳投资,1
顿宏资产,1
沪江,1
蓝港互动,3
中盛创投,1
五岳元航,9
荣之联,1
北京马力天使投资中心,3
金蝶国际,1
红星美凯龙,1
General,2
创新工场,205
天音通信,3
济南华科创投,4
黑马基金,29
宝洁校友会旗下基金,1
松源资本,2
星沅资本(星沅创投),1
长青资本,1
梅花天使创投,90
景林投资,40
丰图投资,1
种子期孵化器,1
瑞力投资,2
安思晟投资ACEON,5
荣昌e袋洗,2
广发信德-广发证券,23
光线传媒,19
乐动卓越,1
千方科技,1
联创投资,1
安芙兰创投,18
中源协和,1
考拉资本,4
达实智能,1
上海掌门科技,16
顺荣三七互娱,6
绩优投资,2
奇瑞汽车,1
普思资本,12
安徽聚合投资,1
磐霖资本,2
英达投资,1
中搜网络,2
凯洲资本,1
力鼎资本,5
乾祥海泉投资(胡海泉),5
联创永宣,80
联发科MTK,1
光信资本,16
红移投资,1
麟玺创投,6
远瞻资本,8
上海中金资本,6
深圳中青宝,2
MindWorks,1
光谷联合,2
浅石创投,4
衡锐资本,1
深圳世为投资,1
创丰资本,10
沃衍资本,3
天使投资人沈海寅,1
巨江电源,1
大同创投,3
海汇投资,5
Accel,1
Dream,3
安卓信创投,1
浙江九仁资本,3
华胜天成,1
网信金融,2
天使投资人徐易容,1
卫宁软件(卫宁健康),1
上海交大产业投资管理集团,1
五岳天下资本,21
Lightspeed,1
七匹狼,2
泰康人寿,1
Teambition,1
曼图资本Mandra,6
优客工场,3
中国联通,1
东方港湾,1
分众方源体育基金,1
灏蓝资本,2
达泰资本,7
兰天控股,1
米其林,2
京东,43
北京复远,1
歌斐资产,2
粤传媒,2
奋达科技(泓锦文基金),2
道彤投资,2
JAIC日本亚洲投资,2
太火鸟,1
诺辉岭南,1
友田资本,2
天舟文化,2
韩国NICE集团,1
美图秀秀,9
齐享资本,1
立诚创投,1
维西资本,3
安成投资,5
棕榈股份,1
元禾控股,17
天珑移动,1
凯启投资,1
英特尔投资Intel,33
武汉文投科技,1
趣游科技,2
正赛联资本,1
华夏人合资本,1
武汉默联,1
欢聚时代(YY多玩),8
中投公司,4
星河互联,28
正坤集团,1
歌石投资,4
天使投资人李明远,2
任飞资本(任飞投资中心),7
华创盛景,1
壹号投资,1
光源资本,4
住友商事亚洲资本,8
微鲸科技,1
旦恩创投,18
云天使基金,17
爱康国宾,1
快创营,9
天津安果科技,1
峰谷资本,1
SIG海纳亚洲,73
明牌珠宝,1
复娱文化(复星集团),3
中体鼎新投资,1
麦顿投资,10
新文化,1
雷鸣,1
上海栩远投资,1
上海承泰信息科技股份有限公司,1
天石资本,1
金刚游戏,2
Ardent,1
上海宝樾,1
无穹创投,9
富坤创投,1
阿里巴巴,93
美盛文化,3
威盛电子,1
长安私人资本,7
中岭燕园创投,1
嘉御基金,10
金石投资,5
风和投资,8
宜华木业,5
蓝湖资本,7
维思资本,3
国泰君安,5
思伟投资,7
复星医药,3
网龙网络(M,1
谆朴投资,6
Cisco,1
DST,13
凌志软件-凌志汉理基金,1
58同城,25
创新谷Innovalley,31
启迪之星(启迪孵化器孵化投资基金),5
科冕木业(天神娱乐),8
联合出版集团,1
36氪,1
海量资本,1
初创投资,8
约印创投,3
富汇金融,1
拇指通,1
诺基亚成长基金,7
VY,1
金葵花资本,5
松禾资本,36
好贷网,5
和智资本,4
创业接力(创业基金会),46
深圳中圆,1
淘米网络,1
阳光普世新能源,1
佳浩投资,2
引力传媒,2
赋哲投资,1
德联资本(联和运通),1
华泰瑞麟(华泰证券),1
文资华夏文化产业基金,1
91农业,1
Macquarie麦格理,1
晨光文具,1
启嘉创投,6
中瑞思创,1
贝祥投资集团,1
众为资本,2
中瀛鑫,1
至信药业,1
创客星,1
绿盟科技,4
百事佳集团,1
嘉丰资本,1
元亨盈盛,2
如山创投,10
中瑞资本－和嘉瑞兴,1
雷柏科技,1
峰尚资本,1
博将资本,1
广联达,1
隆领投资,31
唯嘉资本,2
互爱科技,2
禾生资本,1
瑞财基金,1
亚联资本,1
科技寺资本,1
子望投资,5
崇德投资,6
华睿投资,10
天创资本,3
广州基金,1
君联资本,99
心动游戏,1
信德盈泰,1
纪源资本GGV,59
前海汇潮,1
米仓资本,18
华溢资本,2
朗玛峰创投,12
乐搏资本,16
华策影视,11
晶凯资本,1
弘晖资本,7
TMI台湾创意工场,4
Egarden,1
麦子金服,2
华晟资本-华兴资本,4
荷兰汇盈资产管理公司,1
鱼跃科技,2
兰馨亚洲,7
鸿海集团Foxconn,8
宏达电HTC,3
太冠资本,10
双湖投资,2
富兰克林邓普顿Franklin,1
常春藤资本Ivy,7
帮实资本,22
岩木草投资,1
红杉资本中国,252
马可波罗,1
麦腾创投,4
正保远程教育,1
湖畔山南资本,27
杭州基本粒子投资,1
以太资本,2
贝壳社基金,1
Korea,5
杭州蜂窝投资,2
洋葱基金,4
高览资本,1
北斗星通集团,1
FDT金融创新工场,1
溪山天使会,1
新加坡华侨银行,1
宽带资本CBC,43
天使投资人吴泳铭,7
国投高科技投资,3
新浪微博(新浪微创投),65
纵联资本,1
汤臣倍健,3
架桥投资,4
陶石资本,17
中华开发资本,1
东煕资本,1
前海开源,1
科大讯飞,2
唯猎资本,8
高榕资本Banyan,39
民生银行(民银国际),1
青鸟基金,1
中一资本,1
吴中创投-吴中集团,1
英雄互娱,2
浙大友创,3
华谊兄弟,12
盛世投资,1
极客帮创投,60
深圳点石投资,5
众晖资本,2
易居资本,4
诚承投资,6
粤科金融,2
众信旅游,7
分期乐,1
中国文化产业投资基金,15
RRJ资本,1
丰利财富,1
星瀚资本,12
深圳创享投资,1
光谷人才,1
朗盛鹏欣基金;初灵创投,1
上海喜氏金融,1
斯凯网络投资,9
优点资本VantagePoint,2
Lead,2
德美化工,1
众诚资本,15
国嘉资本,1
天鸽互动,4
上海长誉物流,1
熠美投资,1
点量兴业投资,1
上海垠壹投资发展有限公司,1
优联资本,1
万嘉创投,4
博润投资,1
UCWEB优视科技,9
比特大陆,2
滦海资本,1
若水合投,1
泛华诚业,1
东瓯嘉富诚,6
中路资本,105
杭州银之利,1
开发金控CDIB,1
熠帆资本,1
香港尚峰集团,1
清华启迪,1
优酷土豆-合一集团,8
东方金奇投资,1
九桦资本,1
青山资本,11
利欧集团股份,3
美团(新美大),11
广东弘图广电,2
遨问投资,6
大北农集团,1
复聚投资,1
同创伟业,45
点石微投行,1
贝雅资本,2
和才基金,1
中国基金,1
七煋瓢虫投资,2
深圳协同创新基金,2
银泰置地,1
中科国嘉,1
绵世股份,1
伟高达创投Vickers,4
暾澜投资,7
口袋兼职,1
创维集团,1
通用技术创投,2
鼎立控股集团,1
西证股权投资,1
大舍资本,1
同渡创投,9
Temasek淡马锡,8
清科华璟创投,2
芒果文创基金,1
前海吉祥基金,1
麒麟资本Kylin,2
锦盛鑫源,1
微影资本(微影时代),19
春泉创投,4
中南文化,1
辅仁集团,1
现代传播集团,1
中清龙图,1
十三月唱片,1
广东省文化投资有限公司,1
阿基米互联网公社,2
光音网络,1
浙大科发,2
Expedia,2
渣打银行,2
创势资本,12
Unity游戏产业投资基金,1
徽瑾创投(宝茂金融),5
朗姿股份,2
壹壹天使,1
新电投资SingTel,3
德辉资本,1
西部优势资本(西部证券),1
前海首润投资,1
九弦资本,4
浙江省科技创投,1
金砖资本,1
京桥资本,1
杭州多牛资本,9
浙江传化股份有限公司,1
九宇资本,2
成都合一天使基金,1
大河创投,6
恒泰资本CHT,1
Sutter,2
招商和腾创投,1
雷锋网,1
掌趣创享基金,3
海通创意资本,7
普洛斯GLP,1
味千拉面,1
知初资本,15
乐视网,15
微光创投(吴宵光),11
汉诺芬资本,1
国富源投资,17
浩然资本,1
御乾天使基金,1
爱尔眼科,1
轻轻家教,1
中南茂创投资,1
北极光创投,85
华智汇金创投基金,1
琢石投资,3
智金汇,1
中国房地产开发集团,1
暴龙投资,6
点智互动ClickWise,3
德睿启源,1
青骢资本,10
富德胜创投,2
华映资本,61
暴走漫画,1
October,1
赛富基金,63
新疆融海投资有限公司,1
创湃资本,1
英诺天使基金,49
Integral富厚投资,2
蝙蝠资本,2
越榕资本,3
哔哩哔哩动画,1
滴滴出行-滴滴快的,1
才金资本,5
阿尔法公社,1
前海行健,1
万安科技,2
东方证券(东方星晖),2
古玉资本,1
阿里影业(阿里巴巴),1
bilibili,1
深创投,127
上海嘉银金融,1
氪空间,2
联创光电,1
元生资本,4
易泓资本,1
万达集团,2
游酷网络,1
招商银行,2
永柏投资,1
神州付,1
启明创投,62
广东文投国富,3
明家科技,1
同系资本,2
上海综艺控股,1
易一天使,23
263网络通信(二六三),2
TPG,1
凤凰新媒体,4
苏宁,5
华天资本(,2
万达院线(万达影视),2
重庆商界传媒,1
奥飞动漫,15
欧迅体育,1
联想之星,49
薛蛮子,32
华侨跃梦天使基金,1
FreesFund峰瑞资本,34
格林深瞳,1
北辰星资本,1
正威集团,1
华资汇通,1
Institutional,3
Greenspring,1
汇川技术,1
高原资本,8
红点投资Redpoint,14
富贵鸟,1
中信证券,1
未来工场,17
SoftBank,2
国版中心,1
蓝色经济区产业投资基金,2
LOVO家纺,1
歌华有线,2
PreAngel,142
豌豆荚,1
正时资本,11
WeMedia新媒体集团,1
Donews迪凯投资,1
容银资本,1
珠海长实资本,1
风云资本,13
美国中经合集团,10
中新圆梦投资,1
乐游资本,6
隆力奇集团,1
联络互动,7
戈壁投资,69
神州泰岳(泰岳梧桐),6
弘信创业工场(云创业),2
围海科技,1
DCM中国,45
微玺投资,6
首业君京投资,1
立讯精密,1
I,1
联科创盈,9
天津创投,1
顺丰速运,5
君紫资本,1
印尼力宝集团,1
金鼎盛投资,1
辰德资本,3
鼎晟天平投资,11
青锐创投,3
泛微,1
鼎信创业投资,1
东方弘道(弘合基金),34
东湖天使基金,10
天使投资人王刚,28
永懋投资,1
DFJ德丰杰中国基金,25
河北省电子商务产业引导基金,1
e袋洗众创共享基金,4
淳时资本,1
磐缔资本,1
汉鼎股份,4
金色锦城资本,1
深圳大美金杉,1
初心资本,13
春风创投(春雨医生),5
沃石投资,1
岚源资本,1
陈方毅,1
香港蔡氏家族,1
清控银杏创投,1
耀途资本,1
百姓网,2
中投汉富(汉富控股),1
诚成资本,2
景隆资产北京,2
蚂蚁金服(阿里巴巴),10
齐一资本,1
乐尧创投,10
瑞业投资,1
坚果资本,20
国金证券,2
葳尔资本,2
民航股权投资基金,1
熙金资本Zhong,2
德福资本GL,1
国成投资,1
杭州锦江集团,1
方源资本,2
鼎晖投资,31
芳晟股权投资基金,16
美丽说,1
RIC棕泉资本,2
启迪创投,24
猎豹移动,15
上海致景投资,6
中手游,1
西京投资,1
信腾投资,1
鼎聚投资,9
GREE,1
清科创投,26
德力股份,2
上海物联网创业投资基金,1
三体投资,1
泰有投资,5
云锋基金,14
康联药业,1
聚美优品,1
普华资本(普华固周资本),8
乔景资本,1
凯雷亚洲基金,5
红马资本,2
上海菁葵创投,2
Centurion Private Equity,1
Sierra,3
元钛基金,1
周大福,1
7天连锁酒店,1
天鑫洋金业,1
热酷游戏,3
凯旋创投,9
金固股份,3
复星昆仲,43
红珊瑚资产,2
双安资产,1
中钰资本,2
天府创投,1
EMC媒体基金,1
嘉麟杰,1
艺龙旅行网,4
高恒资产,1
浙报传媒(东方星空),10
今日头条,2
乐赟资本,1
紫光集团有限公司,3
广州天使投资,6
Incubate,1
清控科创控股,6
联众世界-联众游戏,3
华犇创投,1
首都航空,1
融创投资,1
拓维信息,1
东方国信,1
奇虎360,82
微纳点石天使基金,1
谱润投资,2
UCCVR,1
易联昌元,1
浙创投,1
特锐德,1
北京创客空间,1
HAXLR8R,7
华旦天使投资,8
海通新创,1
大汉控股集团,1
正邦投资,1
世纪互联,1
简鸣资本(阿甘众筹),3
纽信创投,17
完美世界,8
太浩创投,1
光华弘人资本,1
太和投资,3
新青年资本,1
我爱我家明道资本,1
汉威电子,1
魔豆工坊,1
长城集团,1
华岩资本ChinaRock,2
中国恒天(恒天资产),1
比克研究院,1
云启资本,10
JJ比赛(竞技创投),14
麦星投资,3
广州龙腾出行网络科技股份有限公司,1
顺融资本,2
迭代资本,9
依文集团,1
大米创投基金,1
三行资本,4
财晟资本,2
银来集团,3
好药师大药房,1
富腾资本,2
昆仑信托,1
仁和集团,1
苏河汇,50
力合清源,6
孔雀资本,1
齐星铁塔,1
俊远投资,1
分众传媒,1
金慧丰投资,4
拉隆基金,1
成都高新区创业天使投资基金,1
东莞证券,1
重庆中以股权投资基金,1
茂信合利,1
北京互联,1
鸿凯投资,1
乾通资本,1
顺为基金,64
雷军-顺为创业,27
曲速资本,4
星火金融,13
弘鹰资本,4
深圳厚德前海基金,2
晨曜资本(晨之科),3
维度资本(维度创业工场),1
知卓资本,1
龙城英才创业投资引导基金,1
北京佐盛投资顾问有限公司,1
安持资本,3
软银中国,44
侨鑫创投,1
国富绿景创投GRC,1
国海创新资本,3
海银资本,9
远毅资本,1
亿联资本,3
旷谷资本,1
友阿股份,1
联建光电,2
蓝巨投资,1
百视通,1
浙银资本,1
高新兴科技,1
九易资本,3
元素资本,9
三诺集团;五岳华诺创投,1
邦明资本,1
斯道资本(富达亚洲),17
江南化工,1
海尔投资,8
海邦投资,1
集富亚洲JAFCO,4
艾瑞资本(艾瑞),5
深圳君海投资,1
朗盛投资,1
起源资本,13
线性资本LinearVenture,7
千合资本,6
上海融翼资本,15
远镜创投,11
金基石资本,1
坚果创投,13
易云投资,1
兆星创投,1
华欧创投基金,5
鹏涛资产,1
百舸资本,1
清科片仔癀医疗投资基金,1
珠南集团,1
全盛资本(全盛金控),1
小米科技,47
长江国弘投资,3
德同资本,27
无极道投资,3
国开金融(国开开元),3
云起资本,6
马笛尔创投,2
Priceline,4
凤凰光学,1
腾讯,161
陀螺创投,1
广东中广投资,1
上汽投资(尚颀资本),1
同威创投,6
廊坊高投,1
蓝山中国资本,1
阿米巴资本,50
数联资本,1
Cherubic,31
天使湾,94
中富投资,4
互联网电影集团IFG,4
东软集团Neusoft,1
DSC,1
中海软银,1
小村资本,17
健康元,1
乐视体育(乐体创投),2
江南资本,2
Morgan,1
金茂资本,1
七海资本,1
腾业创投,1
重庆市产业基金,1
久奕投资,3
衡星创投,1
容联云通讯,1
梧桐树资本,1
中信资本,7
广州外服,1
丰厚资本,43
BitFund.PE比特基金李笑来,12
元璟资本,12
西拉姆资产,1
远方光电,1
凤凰资本,1
红秀资本,5
创客总部,3
罗玉凤(凤姐),1
川岳投资,1
蚁米创投,1
体育之窗,2
中金公司,1
宝利来,1
信天创投,29
上海天益兄弟资产管理有限公司,1
AB,1
创客100基金,2
光合创投(光合基金),9
永达汽车,1
业禾基金(业禾投资),1
明势资本,16
国光电器,2
上实集团文化产业投资基金,1
海通开元,21
光大体育文化投资基金,4
璞玉投资Jade,1
东方元鼎资本,3
Investec英国天达集团,1
金科君创,1
Star,5
去哪儿,1
凯能投资,1
华威国际集团CID,5
高瓴资本Hillhouse,11
盛大集团,54
深圳中电投资股份有限公司,1
500,11
前海汇升资本,1
高盛集团(中国),10
搜于特服装,2
中金华创,1
成都金亚科技,2
涌玖投资,1
海为创投,2
三井物产环球投资,5
原子创投,28
融银资本,5
万丰友方投资,1
PBA,1
上海精熠投资中心,1
乾明投资,15
中小企业基金发展,1
雅瑞天使,2
世纪长河集团,1
蚂蚁天使,1
联想控股,3
大众点评网,13
中卫基金,10
SBI投资(思佰益),1
华滨创投,2
投资方未透露,2794
龙渊云腾(当乐网),8
豪信(香港)控股有限公司,1
熙信资本,1
GIC新加坡政府投资公司,6
华盛基金,3
维梧资本Vivo,3
头头是道投资基金,5
陌陌科技,2
真格基金,244
中关村兴业投资,4
appWorks之初创投,36
博雅互动,2
经纬中国,264
触控科技,6
虎扑,1
山谷资本,1
险峰长青(险峰华兴),176
合鲸资本,13
探路者,2
民享财富(民享投资),6
泰蕴资本,1
长友基金,5
点亮资本,11
文化长城,1
香格里拉,1
华为,3
远望谷,2
中国平安(平安创新投),59
狮享家新媒体基金,8
麦达数字,1
乐邦乐成,5
北京旋极信息,1
中关村发展集团,3
金鹰商贸集团,1
IDG资本,341
人人游戏,1
前海汇能,1
寺库,1
黑蝶资本,1
达鑫电子,1
广田控股,1
明嘉资本,4
红邑资本,1
天善资本,4
黑桃资本,5
沃珑港资本,1
泰山兄弟创始基金,4
利亚德光电,2
华宇经济,1
执一资本Yi,5
银杏谷资本,21
金种子创投,5
华山资本,1
华盖资本,11
梦洁家纺,1
天使投资人李直,1
体坛传媒,1
中融启点投资,1
中大创投,3
国泰创投,9
巨人网络(巨人创投),6
信文资本,1
BWVC泽厚资本,24
墨白资本,1
好望角投资,20
雷雨资本(微投VChello),11
腾信股份,1
科力投资,1
斑马快跑,1
金浦投资,2
赫斯特Hearst,1
艾格拉斯,2
ONES,5
ATA教育,5
关天资本(西科天使基金),1
巨如集团(巨如资产),1
太盟投资集团(PAG),1
青云创投,4
抱团科技,18
狐狸元素基金,3
宁波太平洋创投,9
凤凰祥瑞,4
阳光融汇资本,1
Susquehanna,1
考拉产业基金(拉卡拉),2
中沃投资,1
中国移动(中移创新产业基金),2
娱乐工场,19
大连道和资本,1
创业邦天使基金,4
H,3
京西创投(首钢基金),1
箭速资本,1
瀚晖投资,4
西山天使会,4
谢利明,1
华平投资,19
深圳力合创投,5
中科招商,16
中华开发,1
六禾创投,11
数码视讯,3
中科乐创,13
深圳菁葵投资,1
基石资本,14
ING(荷兰国际集团),1
云创资本,2
飞鱼科技,1
泽清资本,2
PartnerAngel伙伴创投戴志康,17
北汽产业投资基金,1
国家集成电路产业投资基金,1
皖新传媒,1
用友幸福投资,14
CA创投,26
天风证券,5
罗斯柴尔德家族,1
森马服饰,2
澎湃资本,13
洪门投资,1
ColonyCapital柯罗尼资本,2
华闻传媒,3
国投东兴,1
光大瑞华,1
红石诚金,4
联想创投集团(乐基金),17
宏桥资本,3
银泰资本Ventech,15
冠军VC,1
前程无忧,2
Kleiner,2
中国太平,1
乾彭资本,1
珠海互娱在线资本,2
饿了么,1
锦江国际,1
天润仪器,1
竞佳境体育,1
百圆裤业,1
全经联创新基金,1
凯辉基金,4
传媒梦工场,22
中文在线,4
禾林资本,1
开物投资,6
同心基金,1
盈峰资本,1
中科创,1
尚雅投资,1
中技控股,1
上汽创投,2
千骥资本,5
浙江千合并购基金,1
和瑾资本,1
新开普电子,1
旭万资本,1
B,1
邦易投资,1
Mustang,1
富道投资,2
佛山东方汇银资本,1
伯藜创投,4
108度资本,1
凯泰资本,2
东方富海,41
中骏基金,2
Google,5
本见投资,2
纳兰德投资,1
能图资本,6
CoBuilder,1
中资融投基金,1
学大教育,3
上海丰瑞投资,2
自在互联投资,1
苏州凯风创投,3
有成资本,11
上海鼎锋资产,1
大数金融,1
富海银涛,2
盛山资产,2
NEA恩颐投资,11
医渡云,1
启赋资本,34
中信产业基金,10
今日资本,16
探路者和同体育产业并购基金,1
Artesian,1
万居股份,1
涛石股投,4
泛海控股,2
观唐投资,1
磐石资本,5
成为资本,22
小牛资本,2
宁波君润资本,2
茂硕电源,1
时尚传媒,6
金字火腿,1
中科曙光,1
张江火炬创投,2
国泰睿承德,1
澳银资本,2
洛可可创新设计集团,1
KTB投资集团,2
赛领资本,3
景峰医药(康景资本),1
孝昌水木投资(唐彬森),25
士兰创投(士兰控股),1
民生电商,1
正和磁系资本,7
矽谷雯科创投基金,1
挚盈资本,19
亚商资本,7
高通Qualcomm,11
光谷咖啡创投,1
天星资本,5
上海跨国采购发展(集团)有限公司,1
火线资本,1
深圳红十三投资,3
华住酒店集团,1
中兴合创,8
秉诚资本,1
山行资本,4
沃捷传媒,2
RRE,1
链动投资,1
佳讯飞鸿,1
汇冠股份,1
亚杰天使投资,5
邢帅教育,1
是成资本,2
百度,42
